Film_Name,Release_Date,Category,Language,Viewer_Rate,Number_of_Views,Viewing_Month,Movie_ID,days_since_release,months_since_release,trending_score
Chennai Express,2021-09-12,Romance,Hindi,4.5,36395,2022-09-01,3693033536285550718,1551,51.7,703.9651837524177
Mountain Trail,2020-04-27,Comedy,English,3.5,93162,2021-07-01,3134804340601401917,2054,68.46666666666667,1360.6913339824732
Eternal Hope,2020-07-04,Romance,English,4.6,98663,2021-04-01,-1713837298350457392,1986,66.2,1490.3776435045318
Seoul Heartbeat,2020-04-17,Comedy,English,4.1,112635,2020-07-01,8192673702566286090,2064,68.8,1637.1366279069769
Shadow Pact,2022-02-24,Documentary,English,4.3,29496,2023-05-01,-462396339096206197,1386,46.2,638.4415584415584
Sunset Vows,2020-06-22,Drama/Thriller,English,4.7,82472,2022-05-01,2765477777809583954,1998,66.6,1238.3183183183185
Mountain Trail,2024-05-30,Horror,English,4.9,56001,2024-08-01,-167629298871866364,560,18.666666666666668,3000.053571428571
Kochi Waves,2022-12-08,Horror,English,4.5,55228,2024-06-01,8450026030620766859,1099,36.63333333333333,1507.5887170154685
Eternal Hope,2022-02-12,Comedy,English,4.2,91149,2022-06-01,6938947365524457236,1398,46.6,1955.9871244635192
Seoul Heartbeat,2021-05-14,Comedy,English,3.6,88038,2023-01-01,-6269689784265562864,1672,55.733333333333334,1579.6291866028707
Midnight Train,2020-01-08,Documentary,English,4.6,39793,2021-02-01,8747027074052671500,2164,72.13333333333334,551.6589648798521
Taipei Secrets,2022-11-27,Action/Sci-Fi,English,4.6,123996,2023-12-01,6831055082292446025,1110,37.0,3351.2432432432433
Mirror Maze,2022-03-31,Romance,English,3.9,95604,2023-10-01,3549809346276433058,1351,45.03333333333333,2122.9607698001482
Taipei Secrets,2022-03-04,Documentary,English,4.6,31561,2022-04-01,4707497200632342377,1378,45.93333333333333,687.1044992743107
Silent Echoes,2021-12-12,Romance,English,3.9,93843,2022-08-01,6188150651270360141,1460,48.666666666666664,1928.2808219178082
Digital Dawn,2024-09-11,Horror,English,3.7,63936,2025-07-01,9050598261802262270,456,15.2,4206.315789473684
A Summer Dream,2020-02-10,Comedy,English,4.1,90310,2021-04-01,-5311851263786140263,2131,71.03333333333333,1271.374941342093
Tech Singularity,2020-04-07,Horror,English,4.5,62864,2021-06-01,-1163339828749118166,2074,69.13333333333334,909.3153326904531
Love in the Frost,2020-09-02,Romance,English,3.9,170350,2022-02-01,5100795725545761949,1926,64.2,2653.4267912772584
Lahore Nights,2021-08-16,Romance,English,4.2,171661,2023-02-01,2533436942973900917,1578,52.6,3263.5171102661598
Seoul Heartbeat,2021-07-22,Action/Sci-Fi,English,3.8,126968,2022-12-01,3258096044619997392,1603,53.43333333333333,2376.194635059264
The King's Guard,2022-04-06,Horror,English,4.7,51223,2022-09-01,-7619153481846542611,1345,44.833333333333336,1142.5204460966543
The Last Samurai,2023-03-05,Romance,English,3.9,102688,2023-04-01,-6943504389904284862,1012,33.733333333333334,3044.110671936759
Heartbreak Hotel,2021-09-15,Comedy,English,4.0,106348,2023-08-01,-6037660988898278149,1548,51.6,2061.0077519379843
Mumbai Saga,2022-09-06,Action/Sci-Fi,English,4.9,120974,2023-05-01,-4155461460022524723,1192,39.733333333333334,3044.6476510067114
The Quantum Helix,2020-06-16,Horror,English,4.4,128852,2021-10-01,8375865650890698681,2004,66.8,1928.9221556886228
The Green Line,2021-03-12,Drama/Thriller,English,3.6,93485,2022-12-01,3483048089957477901,1735,57.833333333333336,1616.4553314121038
Midnight Train,2020-08-03,Comedy,English,4.4,90856,2020-10-01,-8643347848317723667,1956,65.2,1393.4969325153374
Mountain Trail,2021-10-26,Romance,English,4.1,97297,2022-10-01,7063386272718056166,1507,50.233333333333334,1936.9011280690113
Tech Singularity,2023-05-06,Action/Sci-Fi,English,4.8,109602,2024-09-01,7548836467075942086,950,31.666666666666668,3461.115789473684
Mountain Trail,2021-10-14,Documentary,English,4.4,47828,2023-04-01,922935052051983094,1519,50.63333333333333,944.5951283739303
Midnight Train,2021-04-05,Documentary,English,4.2,29747,2021-09-01,-3793860189785764748,1711,57.03333333333333,521.572180011689
The Quantum Helix,2020-05-17,Action/Sci-Fi,English,3.6,120161,2021-12-01,2781544555228099195,2034,67.8,1772.2861356932153
The Green Line,2023-12-19,Drama/Thriller,English,3.7,67815,2024-08-01,-7288559499069403450,723,24.1,2813.9004149377593
Heartbreak Hotel,2023-01-12,Romance,English,3.9,89311,2023-06-01,-6377367257679778113,1064,35.46666666666667,2518.1672932330825
A Summer Dream,2023-07-02,Romance,English,4.1,154999,2024-12-01,2324839059554059179,893,29.766666666666666,5207.133258678612
The Warrior King,2022-01-06,Drama/Thriller,English,4.7,70916,2023-03-01,8877704399558904933,1435,47.833333333333336,1482.5644599303134
Future City,2020-04-02,Documentary,English,4.8,30711,2021-09-01,-5814021392015934633,2079,69.3,443.1601731601732
Seoul Heartbeat,2020-10-18,Romance,English,4.5,179123,2022-02-01,3109920826204716421,1880,62.666666666666664,2858.345744680851
Eternal Hope,2023-06-13,Documentary,English,4.1,33065,2024-11-01,3903803396422878636,912,30.4,1087.6644736842106
Chennai Express,2023-02-21,Comedy,English,4.0,102808,2024-02-01,4411898039339183763,1024,34.13333333333333,3011.953125
The King's Guard,2020-06-27,Drama/Thriller,English,4.0,93416,2021-01-01,6681906115733769823,1993,66.43333333333334,1406.161565479177
Love in the Frost,2022-03-12,Action/Sci-Fi,English,3.6,108315,2023-10-01,-7392755959678186091,1370,45.666666666666664,2371.8613138686133
Kandy Dreams,2022-05-06,Romance,English,4.3,95531,2023-08-01,6483147661816198481,1315,43.833333333333336,2179.414448669201
Tech Singularity,2020-01-27,Romance,English,3.5,77131,2020-01-01,8228315876290622388,2145,71.5,1078.7552447552448
Love in the Frost,2023-12-31,Documentary,English,4.3,31280,2024-03-01,5138423112475034756,711,23.7,1319.831223628692
Silent Echoes,2020-06-11,Documentary,English,4.7,28677,2021-09-01,7408214075413354713,2009,66.96666666666667,428.2279741164758
Taipei Secrets,2021-01-18,Comedy,English,4.7,113410,2021-10-01,1909280292563377222,1788,59.6,1902.8523489932886
Heartbreak Hotel,2021-07-30,Comedy,Spanish,4.2,110938,2022-11-01,-8646625929125022327,1595,53.166666666666664,2086.6081504702197
Kandy Dreams,2024-06-12,Drama/Thriller,Spanish,4.5,73352,2025-07-01,-5609372912408111580,547,18.233333333333334,4022.961608775137
Mountain Trail,2022-10-12,Romance,Spanish,4.7,88176,2024-05-01,8977686902191436888,1156,38.53333333333333,2288.304498269896
Shadow Pact,2024-05-26,Romance,Spanish,3.7,102830,2025-11-01,-1045854700069696623,564,18.8,5469.680851063829
Lahore Nights,2020-11-05,Comedy,Spanish,4.6,104346,2022-10-01,8777211263178676596,1862,62.06666666666667,1681.192266380236
Kochi Waves,2022-06-20,Comedy,Spanish,4.6,117797,2024-05-01,7083713893290225284,1270,42.333333333333336,2782.606299212598
Distant Star,2024-12-07,Documentary,Spanish,4.3,50956,2025-04-01,8555660457341777059,369,12.3,4142.764227642277
Tokyo Drift 2,2024-08-17,Horror,Spanish,4.7,46523,2025-03-01,1883569725402704112,481,16.033333333333335,2901.6424116424114
Mirror Maze,2021-03-09,Action/Sci-Fi,Spanish,3.5,161811,2022-07-01,4905207011398021152,1738,57.93333333333333,2793.0552359033372
Lahore Nights,2022-08-16,Documentary,Spanish,3.7,36681,2023-06-01,-3166491195208148086,1213,40.43333333333333,907.1970321516901
Distant Star,2023-09-22,Action/Sci-Fi,Spanish,4.4,123897,2025-01-01,-3197529420825499752,811,27.033333333333335,4583.119605425401
Digital Dawn,2021-11-27,Horror,Spanish,4.8,48585,2023-05-01,8170489583789193780,1475,49.166666666666664,988.1694915254237
Urban Chaos,2021-01-04,Comedy,Spanish,4.8,128703,2021-12-01,451124617716278326,1802,60.06666666666667,2142.669256381798
Mirror Maze,2022-08-10,Documentary,French,3.8,26064,2024-07-01,-1087444285447355117,1219,40.63333333333333,641.4438063986875
Eternal Hope,2024-10-18,Romance,French,4.4,84145,2025-11-01,3623232023430579273,419,13.966666666666667,6024.701670644391
The Last Samurai,2021-10-11,Action/Sci-Fi,French,4.6,122381,2022-01-01,-4308737679613999739,1522,50.733333333333334,2412.240473061761
Future City,2022-01-04,Comedy,French,4.0,111338,2023-07-01,-1927435456840646634,1437,47.9,2324.384133611691
Heartbreak Hotel,2023-06-02,Comedy,French,4.3,101250,2025-03-01,5480132056641630384,923,30.766666666666666,3290.899241603467
Mumbai Saga,2020-08-29,Comedy,French,4.4,89703,2020-09-01,-1049511926175139533,1930,64.33333333333333,1394.3471502590673
Crimson Tide,2022-12-02,Drama/Thriller,French,4.7,70922,2023-03-01,5156491375744614873,1105,36.833333333333336,1925.4841628959275
The Warrior King,2023-04-04,Drama/Thriller,French,3.6,85493,2023-05-01,-8526747074594570628,982,32.733333333333334,2611.802443991853
Taipei Secrets,2021-09-10,Action/Sci-Fi,French,4.3,116182,2022-04-01,-1680735279810920536,1553,51.766666666666666,2244.3399871217
The Last Samurai,2023-01-30,Comedy,French,3.8,94033,2024-11-01,3046050162534961332,1046,34.86666666666667,2696.9311663479925
Mountain Trail,2024-09-19,Horror,French,4.5,83759,2025-11-01,-6198894488606166037,448,14.933333333333334,5608.861607142857
Mumbai Saga,2021-10-11,Documentary,French,4.0,46293,2023-01-01,6091702163165474556,1522,50.733333333333334,912.4770039421813
Tokyo Drift 2,2023-11-25,Drama/Thriller,French,4.2,74809,2024-05-01,4160448344988405893,747,24.9,3004.377510040161
The Warrior King,2023-08-16,Romance,French,4.2,88773,2023-08-01,-3204459639306503288,848,28.266666666666666,3140.554245283019
The King's Guard,2020-10-16,Romance,French,4.8,167262,2021-12-01,-1078532412238575347,1882,62.733333333333334,2666.2380446333686
Eternal Hope,2024-10-05,Comedy,Japanese,4.3,96981,2025-08-01,7722864095705218832,432,14.4,6734.791666666666
Tech Singularity,2021-02-21,Romance,Japanese,4.0,80340,2022-08-01,484618389043576112,1754,58.46666666666667,1374.1163055872291
Sunset Vows,2020-12-08,Horror,Japanese,4.6,57577,2022-09-01,4048089289597311201,1829,60.96666666666667,944.4013121924548
Shadow Pact,2021-04-15,Horror,Japanese,3.7,62181,2022-01-01,3100382372718323006,1701,56.7,1096.6666666666665
Kandy Dreams,2024-10-07,Romance,Japanese,4.6,158127,2024-12-01,-2918723252572233276,430,14.333333333333334,11032.116279069767
Distant Star,2022-09-01,Action/Sci-Fi,Japanese,3.9,127353,2023-04-01,-5392061653673427469,1197,39.9,3191.8045112781956
Future City,2022-09-28,Romance,Japanese,4.1,141947,2022-12-01,-2039503807847304906,1170,39.0,3639.6666666666665
A Summer Dream,2021-09-23,Comedy,Japanese,4.4,107401,2022-10-01,-2966525829527980545,1540,51.333333333333336,2092.2272727272725
Seoul Heartbeat,2020-10-02,Action/Sci-Fi,Japanese,4.1,134320,2021-11-01,-8514233107025351410,1896,63.2,2125.3164556962024
Mountain Trail,2021-09-13,Action/Sci-Fi,Japanese,3.9,124216,2022-11-01,-3361281176739147115,1550,51.666666666666664,2404.1806451612906
Desert Trek,2024-04-20,Horror,Korean,3.7,143087,2025-10-01,-3237154563906535684,600,20.0,7154.35
Seoul Heartbeat,2020-01-09,Horror,Korean,4.4,68626,2020-02-01,4688914086230368452,2163,72.1,951.8169209431346
Mirror Maze,2022-04-15,Drama/Thriller,Korean,3.9,118961,2023-09-01,-5050527538637331340,1336,44.53333333333333,2671.279940119761
Distant Star,2022-08-08,Comedy,Korean,4.7,126915,2024-06-01,4533759438141649894,1221,40.7,3118.304668304668
Crimson Tide,2024-06-27,Drama/Thriller,Korean,4.0,99524,2024-12-01,-164299882984637740,532,17.733333333333334,5612.255639097744
Shadow Pact,2022-07-09,Romance,Korean,4.6,106939,2024-03-01,-3043082547335769289,1251,41.7,2564.484412470024
Silent Echoes,2022-03-07,Drama/Thriller,Korean,3.5,81857,2024-01-01,-2186182817537224500,1375,45.833333333333336,1785.970909090909
Mountain Trail,2024-07-21,Documentary,Korean,4.4,56819,2025-02-01,3966028395677969440,508,16.933333333333334,3355.452755905512
Taipei Secrets,2023-02-02,Comedy,Korean,4.5,121233,2024-08-01,2918784495277905116,1043,34.766666666666666,3487.046979865772
Desert Trek,2021-03-06,Documentary,Hindi,3.6,49954,2021-04-01,3281136693165014024,1741,58.03333333333333,860.7811602527283
The Last Samurai,2020-12-24,Comedy,Hindi,4.1,158679,2020-12-01,-8097721307065318691,1813,60.43333333333333,2625.6867071152788
Distant Star,2020-06-10,Drama/Thriller,Hindi,3.6,97249,2020-10-01,-4476816337831988877,2010,67.0,1451.4776119402984
Cosmic Drift,2024-04-07,Action/Sci-Fi,Hindi,3.8,149242,2025-05-01,-4517752166686329600,613,20.433333333333334,7303.849918433932
Midnight Train,2020-03-07,Romance,Hindi,4.6,107101,2021-09-01,-8282771178716347782,2105,70.16666666666667,1526.3800475059381
Lahore Nights,2020-05-27,Romance,Hindi,4.2,96371,2020-06-01,1226911500441294555,2024,67.46666666666667,1428.4239130434783
Sunset Vows,2022-11-04,Drama/Thriller,Hindi,3.6,92960,2022-11-01,2911039471091650453,1133,37.766666666666666,2461.4298323036187
Tech Singularity,2024-07-01,Action/Sci-Fi,Hindi,4.0,154070,2025-03-01,5012255219195152800,528,17.6,8753.977272727272
Tokyo Drift 2,2020-02-24,Horror,Hindi,4.1,64975,2021-09-01,-8826021082371015181,2117,70.56666666666666,920.760510155881
The Green Line,2022-11-11,Action/Sci-Fi,Hindi,4.1,135367,2023-08-01,2404301906086310225,1126,37.53333333333333,3606.58081705151
Sunset Vows,2020-05-15,Romance,Hindi,3.7,96267,2021-11-01,295525230851207229,2036,67.86666666666666,1418.4724950884088
Future City,2021-08-05,Action/Sci-Fi,Hindi,4.3,152146,2022-12-01,4026468142000023042,1589,52.96666666666667,2872.4858401510382
The Quantum Helix,2022-11-14,Comedy,Hindi,4.7,110521,2023-10-01,-639875955014626891,1123,37.43333333333333,2952.4755120213717
A Summer Dream,2024-09-21,Documentary,Hindi,3.7,64988,2025-03-01,22742702390325867,446,14.866666666666667,4371.390134529148
Tokyo Drift 2,2021-02-15,Drama/Thriller,Hindi,4.9,91672,2021-06-01,2558725401951237573,1760,58.666666666666664,1562.5909090909092
Digital Dawn,2020-11-18,Comedy,Hindi,4.4,132723,2021-11-01,-1044114454527221743,1849,61.63333333333333,2153.428880475933
The King's Guard,2020-04-21,Documentary,Hindi,4.0,45048,2020-12-01,-165823745397196483,2060,68.66666666666667,656.0388349514562
Love in the Frost,2024-03-25,Romance,Hindi,4.3,122334,2025-10-01,-70331903006802405,626,20.866666666666667,5862.651757188498
The Last Samurai,2024-01-08,Romance,Hindi,3.7,112471,2025-10-01,8817460985905124037,703,23.433333333333334,4799.615931721195
The Quantum Helix,2022-10-07,Drama/Thriller,Hindi,3.6,91395,2024-04-01,-3297652040226050893,1161,38.7,2361.627906976744
Tech Singularity,2021-12-02,Romance,Hindi,4.0,110757,2023-09-01,3245972581265837267,1470,49.0,2260.3469387755104
Lahore Nights,2024-07-10,Romance,Hindi,4.1,229647,2025-02-01,-7508316702706197923,519,17.3,13274.393063583815
Mirror Maze,2021-02-01,Romance,Hindi,4.3,122079,2021-08-01,4544428579426677214,1774,59.13333333333333,2064.4701240135287
Dragon's Fury,2021-06-18,Horror,Hindi,4.5,82571,2022-11-01,-6837821587618493026,1637,54.56666666666667,1513.2131948686622
Silent Echoes,2022-08-30,Comedy,Hindi,4.0,117864,2023-08-01,-85216165879992933,1199,39.96666666666667,2949.0575479566305
Eternal Hope,2020-02-11,Comedy,Hindi,3.9,114630,2022-01-01,4939803885036725098,2130,71.0,1614.5070422535211
The King's Guard,2023-01-09,Action/Sci-Fi,Hindi,4.1,147911,2024-08-01,-7572917712530160049,1067,35.56666666666667,4158.697282099343
Sunset Vows,2023-09-24,Comedy,Hindi,3.9,129378,2024-09-01,-7556875161593969706,809,26.966666666666665,4797.7008652657605
Cosmic Drift,2023-03-19,Documentary,Hindi,4.3,58567,2024-11-01,8454698854130875987,998,33.266666666666666,1760.5310621242486
Mumbai Saga,2021-12-19,Drama/Thriller,Hindi,3.6,82713,2023-07-01,9026638045035819821,1453,48.43333333333333,1707.7701307639368
Tech Singularity,2021-01-12,Action/Sci-Fi,Hindi,3.9,163490,2022-12-01,-2137729116992586526,1794,59.8,2733.9464882943143
Tokyo Drift 2,2021-01-28,Action/Sci-Fi,Hindi,4.3,155842,2021-02-01,8971248579673961946,1778,59.266666666666666,2629.5050618672667
Cosmic Drift,2020-06-28,Comedy,Hindi,4.1,110445,2021-08-01,-1405146675224861569,1992,66.4,1663.3283132530119
Mirror Maze,2021-08-13,Comedy,Hindi,3.8,132225,2023-08-01,2409532065234914612,1581,52.7,2509.013282732448
Mountain Trail,2024-02-19,Action/Sci-Fi,Hindi,4.1,150321,2024-06-01,7959854860256065168,661,22.033333333333335,6822.435703479576
Love in the Frost,2022-02-01,Drama/Thriller,Hindi,4.0,100393,2022-11-01,221422277529967726,1409,46.96666666666667,2137.537260468417
Desert Trek,2024-03-31,Action/Sci-Fi,Hindi,3.7,180489,2025-07-01,-8993065590610573741,620,20.666666666666668,8733.338709677419
Distant Star,2024-06-20,Comedy,Hindi,3.9,115187,2025-07-01,-7579808953917086239,539,17.966666666666665,6411.150278293136
Seoul Heartbeat,2023-07-13,Action/Sci-Fi,Hindi,3.6,132810,2024-04-01,-5608714056131266258,882,29.4,4517.34693877551
Sunset Vows,2022-12-27,Action/Sci-Fi,Hindi,4.1,149998,2023-09-01,-2394115572128572018,1080,36.0,4166.611111111111
Future City,2021-02-01,Comedy,Hindi,4.1,107584,2021-02-01,-44825408802809903,1774,59.13333333333333,1819.3461104847802
The Quantum Helix,2022-04-12,Drama/Thriller,Hindi,4.7,109334,2022-12-01,-6175751411632475765,1339,44.63333333333333,2449.6041822255415
Digital Dawn,2020-09-27,Action/Sci-Fi,Hindi,3.7,132915,2020-10-01,-7959257877683886614,1901,63.36666666666667,2097.553918990005
Silent Echoes,2023-03-27,Documentary,Hindi,4.9,48866,2023-06-01,7703938015829785592,990,33.0,1480.7878787878788
Tech Singularity,2021-02-04,Comedy,Hindi,3.7,134688,2022-09-01,3022420990483461826,1771,59.03333333333333,2281.5584415584417
Digital Dawn,2020-03-03,Drama/Thriller,Hindi,3.5,100228,2022-01-01,-1398837417076803088,2109,70.3,1425.7183499288763
Cosmic Drift,2021-11-04,Comedy,Hindi,3.7,110136,2023-07-01,-3958405892482380335,1498,49.93333333333333,2205.6608811749
Dragon's Fury,2020-12-06,Action/Sci-Fi,Hindi,4.7,147181,2022-08-01,-7516134014802331246,1831,61.03333333333333,2411.4855270344074
The Quantum Helix,2023-01-26,Drama/Thriller,Hindi,4.8,94098,2023-10-01,8480943497421817521,1050,35.0,2688.5142857142855
Dragon's Fury,2020-07-13,Comedy,Hindi,4.2,152164,2021-12-01,-3632563976497498281,1977,65.9,2309.0136570561453
Taipei Secrets,2022-09-14,Comedy,Hindi,4.7,109528,2023-10-01,6443763637420619369,1184,39.46666666666667,2775.2027027027025
Chennai Express,2022-11-30,Horror,Hindi,3.9,83743,2023-08-01,2525758941811126196,1107,36.9,2269.457994579946
Silent Echoes,2021-06-18,Comedy,Hindi,4.4,152377,2022-12-01,8727328749399284039,1637,54.56666666666667,2792.492364080635
Crimson Tide,2022-11-28,Action/Sci-Fi,Hindi,3.8,146570,2023-05-01,662234048811482634,1109,36.96666666666667,3964.923354373309
Desert Trek,2021-12-13,Drama/Thriller,Hindi,4.1,83857,2023-11-01,3229945275888795939,1459,48.63333333333333,1724.2700479780672
The Green Line,2022-11-11,Documentary,Hindi,4.3,55935,2023-01-01,-3780683331366801139,1126,37.53333333333333,1490.2753108348136
Eternal Hope,2020-07-28,Action/Sci-Fi,Hindi,4.0,151343,2022-02-01,7438906038640825894,1962,65.4,2314.1131498470945
Crimson Tide,2021-01-01,Romance,Hindi,4.3,203753,2021-02-01,9069790627908095234,1805,60.166666666666664,3386.476454293629
The Warrior King,2020-09-20,Action/Sci-Fi,Hindi,4.8,156194,2022-02-01,6526172738580415757,1908,63.6,2455.880503144654
The Quantum Helix,2020-02-03,Horror,Hindi,3.8,64941,2021-04-01,2423754033307058107,2138,71.26666666666667,911.2394761459308
Urban Chaos,2020-10-07,Romance,Hindi,3.5,118935,2021-09-01,6407109902792071606,1891,63.03333333333333,1886.8588048651507
Dragon's Fury,2022-04-05,Documentary,Hindi,4.1,60548,2023-11-01,1674486998137792534,1346,44.86666666666667,1349.5096582466567
Silent Echoes,2020-10-30,Comedy,Hindi,4.9,105035,2022-03-01,-8403701185791786017,1868,62.266666666666666,1686.8576017130622
Shadow Pact,2024-09-27,Documentary,Hindi,4.2,39688,2025-02-01,7294255679291908967,440,14.666666666666666,2706.0
Lahore Nights,2023-10-29,Horror,Hindi,4.9,62686,2025-05-01,1322093827140840818,774,25.8,2429.68992248062
Lahore Nights,2022-07-09,Drama/Thriller,Hindi,4.7,110620,2023-12-01,-3689883712075326582,1251,41.7,2652.757793764988
Mountain Trail,2020-06-13,Romance,Hindi,3.6,94959,2020-09-01,-3074165069971652103,2007,66.9,1419.4170403587443
Digital Dawn,2024-06-04,Comedy,Tamil,4.8,114295,2025-09-01,-3968217448411623821,555,18.5,6178.108108108108
Crimson Tide,2020-09-24,Horror,Tamil,3.8,107626,2020-10-01,8790904463167814495,1904,63.46666666666667,1695.7878151260504
Dragon's Fury,2021-07-03,Romance,Tamil,4.0,93578,2023-06-01,7665330776743573396,1622,54.06666666666667,1730.7891491985201
Digital Dawn,2022-03-19,Action/Sci-Fi,Tamil,4.8,135949,2023-12-01,7750236299211250107,1363,45.43333333333333,2992.274394717535
Tech Singularity,2020-12-28,Documentary,Tamil,3.6,40515,2022-04-01,908841623967012932,1809,60.3,671.8905472636816
Mountain Trail,2022-07-12,Horror,Tamil,4.4,72264,2024-07-01,4199052672168465197,1248,41.6,1737.1153846153845
Mumbai Saga,2023-02-26,Horror,Tamil,4.6,53518,2023-05-01,-5707127967090279660,1019,33.96666666666667,1575.6035328753678
Midnight Train,2021-10-18,Drama/Thriller,Tamil,4.6,76415,2023-01-01,2554408298845952651,1515,50.5,1513.1683168316831
Distant Star,2021-10-26,Comedy,Tamil,3.9,101256,2023-01-01,-989968892477867041,1507,50.233333333333334,2015.7133377571333
Dragon's Fury,2022-02-26,Romance,Tamil,4.4,76429,2022-11-01,-8983177867648419488,1384,46.13333333333333,1656.6979768786127
Mumbai Saga,2022-05-25,Documentary,Tamil,4.1,25397,2022-11-01,8843410149015862777,1296,43.2,587.8935185185185
Crimson Tide,2021-04-05,Horror,Tamil,3.9,77443,2022-11-01,1826675812432392115,1711,57.03333333333333,1357.8550555230859
Heartbreak Hotel,2021-10-30,Drama/Thriller,Tamil,4.5,77364,2022-07-01,-7233242448278491708,1503,50.1,1544.191616766467
The Quantum Helix,2020-12-28,Horror,Tamil,3.6,62552,2021-02-01,-3510446755022353851,1809,60.3,1037.346600331675
Chennai Express,2021-06-05,Drama/Thriller,Tamil,3.9,94055,2022-02-01,-7058285856118254601,1650,55.0,1710.090909090909
Midnight Train,2020-06-14,Comedy,Tamil,4.9,103616,2020-07-01,8284928135764704676,2006,66.86666666666666,1549.591226321037
The King's Guard,2021-08-15,Action/Sci-Fi,Tamil,4.0,116905,2023-02-01,249120002010471437,1579,52.63333333333333,2221.120962634579
Taipei Secrets,2020-02-12,Action/Sci-Fi,Tamil,4.7,115975,2021-01-01,1070917036581220511,2129,70.96666666666667,1634.2179426961013
The Warrior King,2022-03-01,Documentary,Tamil,4.7,52554,2022-07-01,1739142368340270022,1381,46.03333333333333,1141.6509775524983
Lahore Nights,2023-10-31,Documentary,Tamil,4.4,51074,2023-11-01,-2104080206369661418,772,25.733333333333334,1984.740932642487
Seoul Heartbeat,2020-08-14,Comedy,Tamil,3.8,118225,2020-12-01,2079383777248467860,1945,64.83333333333333,1823.521850899743
Lahore Nights,2023-10-03,Action/Sci-Fi,Tamil,4.2,153205,2025-07-01,8711960677604546330,800,26.666666666666668,5745.1875
Digital Dawn,2020-02-04,Documentary,Tamil,4.1,32590,2020-04-01,-2244918346778165039,2137,71.23333333333333,457.5105287786617
Distant Star,2024-08-22,Drama/Thriller,Tamil,3.8,84673,2025-06-01,6364584459863460441,476,15.866666666666667,5336.533613445378
Chennai Express,2020-09-26,Drama/Thriller,Tamil,4.4,75599,2021-12-01,1538935623047460715,1902,63.4,1192.4132492113565
Cosmic Drift,2021-07-20,Documentary,Tamil,4.7,52081,2021-08-01,-7545074407111467466,1605,53.5,973.4766355140187
The King's Guard,2023-01-30,Romance,Tamil,4.0,75456,2024-03-01,2741303372666337114,1046,34.86666666666667,2164.1300191204587
Taipei Secrets,2023-11-17,Action/Sci-Fi,Tamil,4.6,114101,2025-05-01,1998451840837076975,755,25.166666666666668,4533.814569536424
Silent Echoes,2021-01-16,Comedy,Tamil,3.8,121899,2021-12-01,-8989733178412979174,1790,59.666666666666664,2043.0
Eternal Hope,2020-05-29,Drama/Thriller,Tamil,3.5,67497,2022-04-01,-8659863199297454562,2022,67.4,1001.4391691394658
Distant Star,2022-01-21,Drama/Thriller,Tamil,4.0,70069,2022-06-01,7080385453508354631,1420,47.333333333333336,1480.3309859154929
Heartbreak Hotel,2023-03-22,Drama/Thriller,Tamil,4.8,84408,2025-01-01,-2102505841790794677,995,33.166666666666664,2544.964824120603
Mirror Maze,2020-04-19,Horror,Tamil,3.9,48761,2021-12-01,5421744190223021077,2062,68.73333333333333,709.4228903976722
Heartbreak Hotel,2023-08-04,Horror,Tamil,4.7,48562,2024-12-01,-2488606069191591141,860,28.666666666666668,1694.0232558139535
Kochi Waves,2023-02-18,Action/Sci-Fi,Tamil,4.5,129592,2023-11-01,3527203828018493407,1027,34.233333333333334,3785.550146056475
Mumbai Saga,2023-12-18,Action/Sci-Fi,Tamil,3.9,126096,2024-06-01,6130592054231655216,724,24.133333333333333,5224.972375690608
Future City,2023-06-24,Romance,Tamil,4.3,76629,2024-03-01,994375444515889212,901,30.033333333333335,2551.4650388457267
Silent Echoes,2022-10-30,Action/Sci-Fi,Tamil,4.3,112108,2023-06-01,7188283936723195757,1138,37.93333333333333,2955.3954305799653
Shadow Pact,2021-03-01,Comedy,Tamil,3.8,104073,2022-04-01,141841126983985705,1746,58.2,1788.1958762886597
Dragon's Fury,2020-01-08,Documentary,Tamil,3.6,48518,2020-11-01,4822640939965283437,2164,72.13333333333334,672.615526802218
The Warrior King,2020-05-07,Drama/Thriller,Tamil,3.6,97917,2021-10-01,-1495665830728046865,2044,68.13333333333334,1437.137964774951
Heartbreak Hotel,2021-02-01,Action/Sci-Fi,Tamil,4.2,120418,2022-01-01,4764715619294263798,1774,59.13333333333333,2036.381059751973
The King's Guard,2020-10-20,Documentary,Tamil,4.6,31365,2020-11-01,-8027506627295566126,1878,62.6,501.0383386581469
The Green Line,2024-09-28,Comedy,Tamil,4.2,85367,2025-06-01,-113792321912717326,439,14.633333333333333,5833.73576309795
Chennai Express,2022-02-08,Action/Sci-Fi,Tamil,4.7,107712,2022-03-01,6877694163995555082,1402,46.733333333333334,2304.8216833095576
Desert Trek,2021-07-29,Drama/Thriller,Tamil,4.6,86529,2022-10-01,-1620568077087139118,1596,53.2,1626.484962406015
Sunset Vows,2022-06-18,Drama/Thriller,Tamil,4.3,81112,2024-02-01,-2310472598198388819,1272,42.4,1913.0188679245284
The Last Samurai,2023-08-21,Drama/Thriller,Tamil,3.5,72890,2024-07-01,-5419926429498243592,843,28.1,2593.950177935943
The Warrior King,2022-05-08,Horror,Tamil,4.1,47265,2023-01-01,-2254726452079288499,1313,43.766666666666666,1079.93145468393
Kandy Dreams,2020-04-07,Horror,Tamil,4.4,72232,2021-09-01,-8708076058053248538,2074,69.13333333333334,1044.8216007714561
Tokyo Drift 2,2022-11-04,Drama/Thriller,Tamil,3.9,71128,2024-01-01,4571982049891622050,1133,37.766666666666666,1883.3539276257723
Silent Echoes,2021-08-19,Action/Sci-Fi,Tamil,4.9,113966,2022-09-01,-1209554795279150490,1575,52.5,2170.7809523809524
Chennai Express,2022-01-25,Romance,Tamil,4.7,96705,2023-09-01,-6357538484435869734,1416,47.2,2048.834745762712
Cosmic Drift,2024-02-16,Horror,Tamil,4.7,59030,2024-02-01,-3286420405801723379,664,22.133333333333333,2667.018072289157
Heartbreak Hotel,2023-10-06,Romance,Tamil,4.1,100764,2025-03-01,-5272262721769789051,797,26.566666666666666,3792.8732747804265
Eternal Hope,2020-01-01,Documentary,Tamil,4.0,34420,2020-06-01,7569100892673256936,2171,72.36666666666666,475.6333486872409
Tech Singularity,2022-01-07,Romance,Tamil,3.8,170693,2023-02-01,-4550900101228672589,1434,47.8,3570.9832635983266
Eternal Hope,2024-02-24,Horror,Tamil,4.1,46876,2025-03-01,-4721133214883492810,656,21.866666666666667,2143.7195121951218
Sunset Vows,2020-09-11,Action/Sci-Fi,Tamil,4.5,118685,2022-08-01,-8213698471178178515,1917,63.9,1857.3552425665102
Lahore Nights,2022-09-03,Romance,Tamil,3.9,104804,2024-05-01,7624839758283218407,1195,39.833333333333336,2631.062761506276
Mountain Trail,2022-12-05,Comedy,Malayalam,3.6,92224,2024-10-01,-1332122718815391121,1102,36.733333333333334,2510.6352087114337
Tokyo Drift 2,2022-09-23,Comedy,Malayalam,4.7,105161,2023-12-01,699152328811739231,1175,39.166666666666664,2684.96170212766
Midnight Train,2020-06-10,Documentary,Malayalam,4.2,31729,2021-05-01,-6967058071254860270,2010,67.0,473.56716417910445
Future City,2020-02-29,Horror,Malayalam,3.8,49850,2020-07-01,3840401682035971412,2112,70.4,708.0965909090909
Lahore Nights,2023-03-10,Drama/Thriller,Malayalam,3.6,80586,2024-03-01,2847261664918636049,1007,33.56666666666667,2400.7745779543197
The Warrior King,2021-03-29,Comedy,Malayalam,4.7,97218,2022-03-01,7931408684809193261,1718,57.266666666666666,1697.6367869615833
Kochi Waves,2024-08-10,Action/Sci-Fi,Malayalam,4.2,123616,2025-01-01,5761632041478779686,488,16.266666666666666,7599.344262295082
Tokyo Drift 2,2023-08-14,Romance,Malayalam,4.0,102288,2024-10-01,-3352473342085003970,850,28.333333333333332,3610.1647058823532
Heartbreak Hotel,2023-07-15,Horror,Malayalam,3.6,85324,2023-11-01,604603491126290330,880,29.333333333333332,2908.7727272727275
Cosmic Drift,2022-12-12,Horror,Malayalam,4.4,124296,2023-10-01,-9183886233722372872,1095,36.5,3405.3698630136987
Kandy Dreams,2022-05-22,Action/Sci-Fi,Malayalam,3.8,123900,2023-06-01,-7431261014797163435,1299,43.3,2861.4318706697463
Tokyo Drift 2,2020-05-05,Horror,Malayalam,3.7,60113,2021-09-01,-5022560964026687948,2046,68.2,881.4222873900293
The Warrior King,2021-01-19,Romance,Malayalam,4.1,104212,2022-11-01,-6552264749003190768,1787,59.56666666666667,1749.5019585898153
Heartbreak Hotel,2023-10-13,Drama/Thriller,Malayalam,4.2,91053,2024-06-01,7032448169568028752,790,26.333333333333332,3457.7088607594937
Desert Trek,2022-12-26,Horror,Malayalam,4.5,45597,2024-08-01,3342095901371544098,1081,36.03333333333333,1265.4116558741907
Seoul Heartbeat,2020-11-09,Comedy,Malayalam,3.6,100640,2022-04-01,-7335802647403319679,1858,61.93333333333333,1624.97308934338
Seoul Heartbeat,2024-02-08,Comedy,Malayalam,4.2,87919,2024-07-01,8768248010512264382,672,22.4,3924.9553571428573
Desert Trek,2022-03-11,Romance,Malayalam,3.8,80113,2022-08-01,4965933462182624955,1371,45.7,1753.0196936542668
Love in the Frost,2020-02-15,Drama/Thriller,Malayalam,4.2,76725,2021-05-01,-8504572411844095966,2126,70.86666666666666,1082.6669802445908
Taipei Secrets,2020-05-19,Comedy,Malayalam,4.2,85543,2021-02-01,6313821301267459257,2032,67.73333333333333,1262.9379921259842
Mumbai Saga,2020-07-29,Documentary,Malayalam,4.9,31591,2022-06-01,8154964848411992137,1961,65.36666666666666,483.2891381947986
Eternal Hope,2021-02-26,Action/Sci-Fi,Malayalam,4.1,110497,2021-04-01,5691772498967300150,1749,58.3,1895.3173241852487
The Warrior King,2021-10-21,Comedy,Malayalam,3.7,123240,2022-05-01,4362245465099644757,1512,50.4,2445.2380952380954
Midnight Train,2024-04-20,Drama/Thriller,Malayalam,4.2,81365,2025-10-01,-5103695122180846996,600,20.0,4068.25
Sunset Vows,2024-06-02,Comedy,Malayalam,4.8,103884,2025-02-01,8793263426062121327,557,18.566666666666666,5595.188509874327
Dragon's Fury,2020-03-31,Comedy,Malayalam,4.2,89514,2020-08-01,3295951116638090131,2081,69.36666666666666,1290.446900528592
Lahore Nights,2023-12-10,Comedy,Malayalam,4.6,96857,2025-09-01,-3298472106063609002,732,24.4,3969.549180327869
Kandy Dreams,2022-05-07,Drama/Thriller,Malayalam,3.7,91672,2023-07-01,-8914096067908366167,1314,43.8,2092.9680365296804
Sunset Vows,2022-11-07,Romance,Malayalam,4.9,94468,2023-10-01,3487473982535499770,1130,37.666666666666664,2508.0
A Summer Dream,2020-09-13,Drama/Thriller,Malayalam,4.4,65811,2021-01-01,-3565940443921745061,1915,63.833333333333336,1030.9817232375979
Kandy Dreams,2022-01-08,Romance,Malayalam,4.6,81413,2022-10-01,8273551540411202737,1433,47.766666666666666,1704.3893928820655
Kandy Dreams,2021-11-01,Romance,Malayalam,4.9,103753,2022-11-01,-1296363584346516586,1501,50.03333333333333,2073.6775483011324
The Quantum Helix,2023-07-09,Horror,Malayalam,4.6,71471,2024-09-01,-1515796363789644160,886,29.533333333333335,2420.0112866817153
Lahore Nights,2021-11-15,Horror,Malayalam,4.6,47440,2022-08-01,-4015915777996415972,1487,49.56666666666667,957.0948217888365
Cosmic Drift,2023-05-09,Documentary,Malayalam,3.8,43504,2024-12-01,2952468037279858043,947,31.566666666666666,1378.1626187961986
Urban Chaos,2021-04-18,Action/Sci-Fi,Malayalam,3.7,127670,2022-11-01,578922610797087123,1698,56.6,2255.65371024735
The Warrior King,2024-05-19,Action/Sci-Fi,Malayalam,4.7,116863,2025-08-01,-8668090946146320849,571,19.033333333333335,6139.912434325744
Chennai Express,2021-02-27,Action/Sci-Fi,Malayalam,4.4,114505,2022-05-01,257638646688168909,1748,58.266666666666666,1965.1887871853546
Heartbreak Hotel,2024-04-17,Action/Sci-Fi,Malayalam,4.4,114027,2025-03-01,-6807683444951631962,603,20.1,5672.985074626865
Seoul Heartbeat,2023-08-16,Action/Sci-Fi,Malayalam,3.5,111023,2024-03-01,-1336852273006618253,848,28.266666666666666,3927.7004716981132
Future City,2020-04-05,Comedy,Malayalam,4.8,98549,2021-04-01,-7948358257492239348,2076,69.2,1424.1184971098264
Crimson Tide,2024-06-22,Horror,Malayalam,4.7,106095,2025-10-01,5287162991233535106,537,17.9,5927.09497206704
Midnight Train,2024-06-08,Documentary,Malayalam,4.7,46148,2024-11-01,-1208128746272846409,551,18.366666666666667,2512.595281306715
Cosmic Drift,2021-03-24,Drama/Thriller,Malayalam,3.7,75373,2022-06-01,-3224998316060246254,1723,57.43333333333333,1312.3563551944285
Kandy Dreams,2020-09-29,Horror,Malayalam,4.5,61043,2021-07-01,3414058164804435711,1899,63.3,964.3443917851502
Desert Trek,2023-03-31,Drama/Thriller,Malayalam,4.0,75515,2024-04-01,4053981122738876588,986,32.86666666666667,2297.6166328600407
Kochi Waves,2020-02-23,Romance,Malayalam,4.8,88262,2020-10-01,6947049884069079713,2118,70.6,1250.169971671388
Dragon's Fury,2024-11-20,Documentary,Malayalam,4.1,36283,2025-11-01,269895659372647096,386,12.866666666666667,2819.922279792746
Sunset Vows,2023-05-30,Romance,Sinhala,3.6,99702,2024-11-01,2573503909241997762,926,30.866666666666667,3230.086393088553
Kandy Dreams,2021-09-21,Horror,Sinhala,4.8,46952,2022-04-01,-3808764162342451929,1542,51.4,913.4630350194553
Taipei Secrets,2024-08-22,Romance,Sinhala,4.9,83777,2025-03-01,1638734431005604233,476,15.866666666666667,5280.063025210084
Distant Star,2022-07-26,Horror,Sinhala,4.0,54308,2022-12-01,8740718892194706346,1234,41.13333333333333,1320.2917341977309
Taipei Secrets,2023-12-25,Documentary,Sinhala,3.7,50721,2025-09-01,9103193664753213819,717,23.9,2122.2175732217574
Mirror Maze,2024-02-19,Romance,Sinhala,4.7,173789,2024-02-01,-52134815455508092,661,22.033333333333335,7887.549167927382
The Warrior King,2024-11-07,Comedy,Sinhala,4.6,112466,2025-03-01,-3148545761747732677,399,13.3,8456.090225563908
Kandy Dreams,2023-06-09,Documentary,Sinhala,3.6,30456,2025-05-01,-8986079671351839756,916,30.533333333333335,997.4672489082969
Mirror Maze,2023-08-08,Romance,Sinhala,3.8,161474,2024-12-01,-4716512886897298500,856,28.533333333333335,5659.1355140186915
Chennai Express,2024-02-07,Romance,Sinhala,4.1,85936,2025-06-01,4866245139114353788,673,22.433333333333334,3830.72808320951
Desert Trek,2021-12-31,Comedy,Sinhala,3.5,93159,2022-01-01,-1981291416698320507,1441,48.03333333333333,1939.465648854962
Kochi Waves,2020-06-18,Documentary,Sinhala,4.5,35653,2021-06-01,-8582749375039524053,2002,66.73333333333333,534.2607392607392
Tech Singularity,2020-06-12,Comedy,Sinhala,4.1,88785,2021-04-01,3004147500754201438,2008,66.93333333333334,1326.469123505976
A Summer Dream,2022-02-18,Action/Sci-Fi,Sinhala,4.3,117104,2022-04-01,5593492372149585644,1392,46.4,2523.793103448276
Kandy Dreams,2024-03-06,Comedy,Sinhala,3.5,108986,2024-04-01,8545660738568737420,645,21.5,5069.116279069767
Digital Dawn,2020-04-23,Drama/Thriller,Sinhala,3.6,75649,2022-02-01,6878363647586203605,2058,68.6,1102.7551020408164
Midnight Train,2023-04-15,Romance,Sinhala,4.1,96954,2024-11-01,2876635620437416082,971,32.36666666666667,2995.489186405767
Tech Singularity,2023-07-23,Action/Sci-Fi,Sinhala,4.1,131509,2024-11-01,-5979469677736004592,872,29.066666666666666,4524.392201834862
Future City,2023-06-16,Romance,Sinhala,4.4,101324,2023-10-01,-3240283599593691688,909,30.3,3344.0264026402638
Shadow Pact,2021-12-03,Drama/Thriller,Sinhala,4.8,85787,2023-01-01,-4631720528292103707,1469,48.96666666666667,1751.9469026548672
The King's Guard,2020-11-15,Action/Sci-Fi,Sinhala,4.2,109472,2021-04-01,2138692584537924165,1852,61.733333333333334,1773.304535637149
Heartbreak Hotel,2023-01-06,Drama/Thriller,Sinhala,4.6,90290,2023-09-01,-7518760532648696320,1070,35.666666666666664,2531.495327102804
The Quantum Helix,2022-06-13,Action/Sci-Fi,Sinhala,4.5,125335,2023-03-01,-638227111644786478,1277,42.56666666666667,2944.4400939702427
Sunset Vows,2023-03-13,Comedy,Sinhala,4.1,101635,2024-11-01,5759627651166378960,1004,33.46666666666667,3036.902390438247
Mumbai Saga,2021-02-19,Drama/Thriller,Sinhala,4.3,89471,2021-05-01,-1684434381643095619,1756,58.53333333333333,1528.5478359908884
Mountain Trail,2022-05-19,Romance,Sinhala,4.4,90409,2023-11-01,-4166340406722653519,1302,43.4,2083.15668202765
A Summer Dream,2022-12-31,Romance,Sinhala,3.8,90616,2023-08-01,6735088086384831138,1076,35.86666666666667,2526.468401486989
Digital Dawn,2021-06-02,Comedy,Sinhala,3.8,97213,2023-01-01,-2815985035509897837,1653,55.1,1764.3012704174228
Mumbai Saga,2020-06-22,Comedy,Sinhala,4.7,86731,2021-09-01,6014714064700714222,1998,66.6,1302.2672672672675
Tokyo Drift 2,2020-09-05,Action/Sci-Fi,Sinhala,4.0,130098,2020-11-01,5511135084465102100,1923,64.1,2029.6099843993761
Mumbai Saga,2023-11-14,Romance,Sinhala,3.9,82555,2024-08-01,1972166662534923372,758,25.266666666666666,3267.3482849604225
Love in the Frost,2020-03-18,Documentary,Sinhala,4.0,44202,2021-07-01,-588113106284667324,2094,69.8,633.2664756446992
Digital Dawn,2024-11-04,Drama/Thriller,Sinhala,3.7,90313,2025-01-01,-8576459484368442056,402,13.4,6739.7761194029845
Taipei Secrets,2024-12-19,Comedy,Sinhala,4.7,110208,2025-12-01,-5284011519941046920,357,11.9,9261.176470588234
The Green Line,2024-02-15,Drama/Thriller,Sinhala,4.7,93809,2024-04-01,-1584536406961466506,665,22.166666666666668,4231.984962406015
Lahore Nights,2020-11-11,Documentary,Sinhala,4.5,44021,2021-03-01,6971919574381495522,1856,61.86666666666667,711.5463362068965
Mountain Trail,2021-02-17,Drama/Thriller,Sinhala,4.0,89579,2021-06-01,-7658560968003775525,1758,58.6,1528.6518771331057
The Green Line,2024-03-03,Documentary,Sinhala,3.6,47737,2025-03-01,-3975371237503268862,648,21.6,2210.046296296296
Urban Chaos,2022-08-14,Drama/Thriller,Sinhala,3.8,76756,2022-12-01,-2818592961901924276,1215,40.5,1895.20987654321
Cosmic Drift,2022-05-20,Documentary,Sinhala,4.6,33117,2023-05-01,-9173211283480117748,1301,43.36666666666667,763.6510376633358
The Warrior King,2024-02-28,Drama/Thriller,Sinhala,4.4,67821,2024-04-01,3266908231627173809,652,21.733333333333334,3120.598159509202
Kandy Dreams,2024-08-28,Comedy,Sinhala,4.9,128204,2024-12-01,4950246614602703954,470,15.666666666666666,8183.234042553192
Dragon's Fury,2023-06-22,Comedy,Sinhala,3.9,112732,2023-12-01,1381930010795758702,903,30.1,3745.2491694352157
Love in the Frost,2021-09-25,Romance,Sinhala,4.7,170237,2023-02-01,3373650010397210154,1538,51.266666666666666,3320.6176853055917
A Summer Dream,2021-01-30,Action/Sci-Fi,Sinhala,4.2,152733,2021-07-01,-4273576113235915905,1776,59.2,2579.949324324324
Kochi Waves,2024-01-31,Action/Sci-Fi,Sinhala,4.1,105581,2024-06-01,910184441990793311,680,22.666666666666668,4657.985294117647
Chennai Express,2021-04-13,Drama/Thriller,Sinhala,3.6,86031,2022-10-01,-6452754995282962253,1703,56.766666666666666,1515.5196711685262
Future City,2024-07-23,Comedy,Sinhala,4.1,108309,2025-09-01,-2040013955004057803,506,16.866666666666667,6421.482213438735
The King's Guard,2020-09-11,Documentary,Chinese,3.8,39436,2021-04-01,-34864898315607365,1917,63.9,617.151799687011
Seoul Heartbeat,2024-06-25,Comedy,Chinese,4.6,128062,2025-04-01,-3777102606167471073,534,17.8,7194.494382022472
Distant Star,2022-05-18,Documentary,Chinese,4.5,39066,2023-09-01,5772904136755138227,1303,43.43333333333333,899.4474290099771
Seoul Heartbeat,2020-07-12,Romance,Chinese,4.2,95431,2021-06-01,9081395688899342969,1978,65.93333333333334,1447.386248736097
Midnight Train,2024-02-08,Romance,Chinese,4.9,105008,2025-07-01,-2101485120175069072,672,22.4,4687.857142857143
Silent Echoes,2024-07-09,Horror,Chinese,3.6,78484,2025-08-01,2137503995442085740,520,17.333333333333332,4527.923076923077
Chennai Express,2020-12-28,Action/Sci-Fi,Chinese,4.7,191231,2022-07-01,3009402766710181626,1809,60.3,3171.326699834163
Eternal Hope,2021-03-29,Comedy,Chinese,4.2,110254,2022-07-01,-1799369258702562243,1718,57.266666666666666,1925.2735739231664
Lahore Nights,2021-02-11,Comedy,Chinese,4.6,117597,2022-06-01,-6911393172087247888,1764,58.8,1999.9489795918369
Mirror Maze,2021-05-21,Romance,Chinese,4.6,194188,2022-12-01,8530241968475729286,1665,55.5,3498.8828828828828
The Warrior King,2023-09-26,Documentary,Chinese,3.6,53661,2023-10-01,7477237730673892232,807,26.9,1994.8327137546469
Seoul Heartbeat,2023-08-25,Romance,Chinese,4.6,226835,2024-02-01,-5805042990881334873,839,27.966666666666665,8110.9058402860555
Mountain Trail,2022-06-09,Romance,Chinese,4.6,120284,2023-08-01,3511202447564974024,1281,42.7,2816.9555035128806
The King's Guard,2020-02-18,Documentary,Chinese,3.8,66629,2021-08-01,-2071234262481919672,2123,70.76666666666667,941.530852567122
Mountain Trail,2023-05-31,Horror,Chinese,4.4,64247,2023-12-01,1612772836464343797,925,30.833333333333332,2083.6864864864865
The Quantum Helix,2023-09-01,Action/Sci-Fi,Chinese,4.6,140434,2024-06-01,8493400970897873612,832,27.733333333333334,5063.725961538461
The King's Guard,2022-04-21,Horror,Chinese,3.6,68831,2024-04-01,3858384568890292357,1330,44.333333333333336,1552.578947368421
Love in the Frost,2022-04-03,Documentary,Chinese,4.7,38684,2023-07-01,4284248802724743051,1348,44.93333333333333,860.919881305638
Kandy Dreams,2023-03-05,Horror,Chinese,4.6,66318,2023-05-01,7118735795806798494,1012,33.733333333333334,1965.9486166007905
Mumbai Saga,2023-11-05,Action/Sci-Fi,Chinese,4.6,153497,2024-08-01,-2523251964664598417,767,25.566666666666666,6003.794002607562
Desert Trek,2023-12-19,Comedy,Chinese,4.3,116820,2025-01-01,3884352328422793030,723,24.1,4847.302904564315
Love in the Frost,2020-04-25,Comedy,Chinese,4.3,149368,2021-05-01,4599454999368061125,2056,68.53333333333333,2179.4941634241245
Chennai Express,2021-05-20,Action/Sci-Fi,Chinese,3.7,162666,2022-12-01,7807474816286076882,1666,55.53333333333333,2929.1596638655465
Sunset Vows,2020-08-23,Action/Sci-Fi,Chinese,3.7,155657,2021-10-01,-7618672355087524755,1936,64.53333333333333,2412.0402892561983
Cosmic Drift,2020-03-25,Romance,Chinese,4.0,121284,2021-08-01,2793799043556506341,2087,69.56666666666666,1743.4211787254433
Distant Star,2024-10-19,Comedy,Chinese,4.0,123746,2025-09-01,1893516603068177727,418,13.933333333333334,8881.291866028709
Mumbai Saga,2021-08-23,Documentary,Chinese,3.9,36110,2023-05-01,6281576678509717155,1571,52.36666666666667,689.5607893061745
Distant Star,2021-10-01,Action/Sci-Fi,Chinese,3.8,147991,2022-12-01,5978704057838815374,1532,51.06666666666667,2897.9960835509137
Mumbai Saga,2023-10-18,Drama/Thriller,Chinese,3.6,117383,2025-09-01,-783596855488035377,785,26.166666666666668,4485.974522292993
Heartbreak Hotel,2023-01-14,Comedy,Chinese,3.7,113872,2024-11-01,5736212491970210032,1062,35.4,3216.723163841808
Digital Dawn,2023-02-27,Documentary,Chinese,4.6,49295,2024-01-01,-3640135758504048116,1018,33.93333333333333,1452.7013752455798
Love in the Frost,2020-10-19,Drama/Thriller,Chinese,4.7,108217,2021-11-01,-6774628486624632453,1879,62.63333333333333,1727.7860564129855
Digital Dawn,2022-04-03,Documentary,Chinese,4.1,56757,2023-05-01,7228845691579453515,1348,44.93333333333333,1263.1379821958458
Mountain Trail,2022-07-30,Documentary,Chinese,3.9,43257,2023-05-01,4389998605505982102,1230,41.0,1055.0487804878048
Cosmic Drift,2022-09-27,Action/Sci-Fi,Chinese,4.0,147053,2023-05-01,3477362786033620330,1171,39.03333333333333,3767.36976942784
Love in the Frost,2022-05-20,Romance,Chinese,4.8,114831,2022-08-01,-972027519666583212,1301,43.36666666666667,2647.909300538048
Chennai Express,2021-03-26,Comedy,Chinese,4.8,122754,2023-02-01,-2925321049743150067,1721,57.36666666666667,2139.8140615920975
Tokyo Drift 2,2023-07-10,Horror,Chinese,4.2,79250,2024-08-01,-7609990148236837766,885,29.5,2686.4406779661017
Crimson Tide,2024-07-29,Drama/Thriller,Chinese,3.8,81407,2025-12-01,-9107391874585478402,500,16.666666666666668,4884.42
The Green Line,2020-06-15,Documentary,Chinese,4.7,49577,2022-06-01,-5392164084155711768,2005,66.83333333333333,741.8004987531173
Mumbai Saga,2022-12-17,Drama/Thriller,Chinese,4.3,95394,2023-10-01,-2504671292777630918,1090,36.333333333333336,2625.522935779816
Future City,2020-11-09,Romance,Chinese,4.3,93404,2021-06-01,-4990655569427030701,1858,61.93333333333333,1508.1377825618945
Mirror Maze,2024-07-12,Action/Sci-Fi,Chinese,3.7,157280,2024-10-01,7303322684342389873,517,17.233333333333334,9126.499032882011
Silent Echoes,2020-07-05,Comedy,Chinese,4.7,111046,2022-04-01,-2309769541246030445,1985,66.16666666666667,1678.2770780856422
Midnight Train,2023-09-05,Horror,Chinese,4.1,67239,2024-12-01,6929957924235650655,828,27.6,2436.195652173913
Midnight Train,2020-04-29,Documentary,Chinese,3.6,47345,2021-12-01,-8725072296509402610,2052,68.4,692.1783625730993
The Last Samurai,2022-09-25,Drama/Thriller,Chinese,4.8,89278,2024-04-01,3225919151403135417,1173,39.1,2283.324808184143
Lahore Nights,2020-11-20,Action/Sci-Fi,Chinese,4.5,184630,2022-07-01,-5450699250816144303,1847,61.56666666666667,2998.8630211153218
Lahore Nights,2022-08-10,Drama/Thriller,Chinese,4.7,106382,2022-11-01,-7203043278119307751,1219,40.63333333333333,2618.0968006562757
Tech Singularity,2023-03-20,Comedy,Taiwanese,4.8,89792,2024-06-01,-7821410084315071355,997,33.233333333333334,2701.865596790371
Eternal Hope,2022-10-03,Romance,Taiwanese,4.3,155582,2023-12-01,-7077741196988591449,1165,38.833333333333336,4006.4034334763946
Chennai Express,2020-08-27,Documentary,Taiwanese,3.6,38279,2021-06-01,5225296450814805399,1932,64.4,594.3944099378881
Cosmic Drift,2020-03-29,Drama/Thriller,Taiwanese,4.4,94370,2021-08-01,-3143816677285379737,2083,69.43333333333334,1359.1454632741238
Mumbai Saga,2021-09-25,Horror,Taiwanese,4.5,53394,2023-06-01,-8433399221531762751,1538,51.266666666666666,1041.4954486345905
Dragon's Fury,2020-06-21,Documentary,Taiwanese,4.0,43203,2021-09-01,-2638568782163541019,1999,66.63333333333334,648.369184592296
Shadow Pact,2022-01-04,Romance,Taiwanese,4.8,100546,2022-04-01,-7079326565116401163,1437,47.9,2099.0814196242172
Midnight Train,2023-02-10,Romance,Taiwanese,4.0,76610,2023-04-01,-7295904298156739675,1035,34.5,2220.5797101449275
The Green Line,2022-09-03,Comedy,Taiwanese,4.2,99212,2024-02-01,-3391846866296428288,1195,39.833333333333336,2490.6778242677824
Love in the Frost,2024-11-05,Action/Sci-Fi,Taiwanese,4.0,114103,2025-09-01,-2595958590685970106,401,13.366666666666667,8536.38403990025
Lahore Nights,2020-01-21,Horror,Taiwanese,4.4,71049,2020-12-01,419137768772826556,2151,71.7,990.9205020920501
Kochi Waves,2020-10-07,Horror,Taiwanese,4.2,63873,2021-08-01,-3687140520392942450,1891,63.03333333333333,1013.320994182972
Desert Trek,2022-04-01,Comedy,Taiwanese,4.0,123180,2022-12-01,-5101058616401769252,1350,45.0,2737.3333333333335
Sunset Vows,2021-07-06,Documentary,Taiwanese,4.4,53533,2022-08-01,-3638861710863946709,1619,53.96666666666667,991.964175416924
Tech Singularity,2022-06-09,Drama/Thriller,Taiwanese,3.7,87108,2023-11-01,3506460554818010090,1281,42.7,2039.9999999999998
Distant Star,2022-01-17,Comedy,Taiwanese,3.9,100154,2023-04-01,286195252593014173,1424,47.46666666666667,2109.9859550561796
A Summer Dream,2023-10-20,Comedy,Taiwanese,4.7,132307,2024-05-01,-500906069321412503,783,26.1,5069.233716475095
Seoul Heartbeat,2020-06-03,Horror,Taiwanese,4.5,68107,2021-09-01,-5490861580949692225,2017,67.23333333333333,1012.9945463559742
Kandy Dreams,2021-02-13,Horror,Taiwanese,4.0,109541,2021-10-01,7589932720923224686,1762,58.733333333333334,1865.0567536889898
Sunset Vows,2022-06-09,Action/Sci-Fi,Taiwanese,4.9,152058,2022-07-01,9033612247214530802,1281,42.7,3561.077283372365
Mumbai Saga,2022-06-25,Horror,Taiwanese,4.7,119449,2022-10-01,-4448037815955899258,1265,42.166666666666664,2832.7826086956525
Kandy Dreams,2021-07-18,Documentary,Taiwanese,3.7,29901,2023-02-01,364800962320365915,1607,53.56666666666667,558.201617921593
Tokyo Drift 2,2020-08-19,Romance,Taiwanese,4.7,81243,2022-05-01,-2090968379900725679,1940,64.66666666666667,1256.3350515463917
Seoul Heartbeat,2021-02-12,Horror,Taiwanese,4.7,48571,2022-07-01,-7131571686544223439,1763,58.766666666666666,826.505955757232
The Last Samurai,2024-11-16,Comedy,Taiwanese,4.0,114910,2025-10-01,7712677392383908957,390,13.0,8839.23076923077
Silent Echoes,2023-05-27,Drama/Thriller,Taiwanese,4.6,94433,2024-03-01,5961257402940954153,929,30.966666666666665,3049.504843918192
A Summer Dream,2022-01-13,Romance,Taiwanese,4.3,104264,2022-10-01,-5750782699805932527,1428,47.6,2190.4201680672268
The Quantum Helix,2022-05-12,Documentary,Taiwanese,4.5,49289,2022-10-01,-8123499057453107544,1309,43.63333333333333,1129.6180290297937
Midnight Train,2020-07-08,Comedy,Taiwanese,3.6,87394,2022-03-01,4801839278228347349,1982,66.06666666666666,1322.8153380423814
The Warrior King,2020-05-27,Drama/Thriller,Taiwanese,3.9,67016,2021-01-01,-5853219059126275159,2024,67.46666666666667,993.3201581027668
Future City,2023-03-07,Romance,Taiwanese,4.4,79273,2023-06-01,201755798171658838,1010,33.666666666666664,2354.643564356436
Heartbreak Hotel,2020-02-21,Action/Sci-Fi,Taiwanese,3.9,158621,2021-07-01,4223732440660023512,2120,70.66666666666667,2244.63679245283
The Quantum Helix,2024-06-26,Drama/Thriller,Taiwanese,3.7,66787,2025-07-01,7528576356858465223,533,17.766666666666666,3759.1181988742965
Eternal Hope,2024-01-02,Comedy,Taiwanese,4.8,100147,2024-04-01,-7561159320334291036,709,23.633333333333333,4237.531734837799
Future City,2021-01-15,Romance,Taiwanese,4.9,95716,2021-07-01,-7970553485141368573,1791,59.7,1603.2830820770519
Digital Dawn,2020-03-28,Horror,Taiwanese,4.3,57784,2020-11-01,-3788429467259389893,2084,69.46666666666667,831.8234165067179
Cosmic Drift,2023-10-24,Documentary,Taiwanese,4.4,53881,2024-02-01,-477940659144604984,779,25.966666666666665,2075.0064184852376
Digital Dawn,2021-06-14,Comedy,Taiwanese,3.9,95827,2022-07-01,-1775014764175724225,1641,54.7,1751.8647166361973
Silent Echoes,2024-10-07,Action/Sci-Fi,Taiwanese,4.5,116940,2025-09-01,5955387699242670700,430,14.333333333333334,8158.60465116279
The King's Guard,2023-05-08,Romance,Pakistani,4.3,81704,2025-01-01,-5895390691393171947,948,31.6,2585.5696202531644
Distant Star,2021-06-08,Horror,Pakistani,4.3,113347,2021-10-01,-7344335476695933547,1647,54.9,2064.608378870674
Lahore Nights,2021-05-08,Documentary,Pakistani,4.1,49904,2022-08-01,5670480086895025298,1678,55.93333333333333,892.2050059594757
Digital Dawn,2023-02-07,Documentary,Pakistani,4.4,38437,2023-10-01,-8512441619238599798,1038,34.6,1110.8959537572255
Urban Chaos,2022-06-28,Action/Sci-Fi,Pakistani,4.6,129958,2023-06-01,-2751611039848653882,1262,42.06666666666667,3089.334389857369
Love in the Frost,2024-09-30,Comedy,Pakistani,4.8,114768,2025-09-01,1685086174047531371,437,14.566666666666666,7878.810068649886
Mumbai Saga,2023-10-17,Comedy,Pakistani,4.7,86511,2025-08-01,-5718483140915431372,786,26.2,3301.946564885496
Cosmic Drift,2022-12-03,Drama/Thriller,Pakistani,4.4,68003,2023-05-01,2706274582156067855,1104,36.8,1847.9076086956522
Love in the Frost,2024-05-16,Comedy,Pakistani,4.5,86877,2024-06-01,-5083389358966625245,574,19.133333333333333,4540.609756097561
Dragon's Fury,2021-04-08,Drama/Thriller,Pakistani,4.2,75782,2022-12-01,5860417611089567710,1708,56.93333333333333,1331.065573770492
Sunset Vows,2023-04-25,Comedy,Pakistani,4.9,90196,2023-09-01,-7408249359684600920,961,32.03333333333333,2815.6919875130075
Cosmic Drift,2020-02-27,Horror,Pakistani,4.2,56428,2020-08-01,1861104332286090262,2114,70.46666666666667,800.7757805108798
A Summer Dream,2023-07-31,Horror,Pakistani,4.4,68602,2025-02-01,-1314142136726606908,864,28.8,2382.0138888888887
Cosmic Drift,2021-11-17,Romance,Pakistani,4.8,83883,2023-03-01,-3221177935243708548,1485,49.5,1694.6060606060605
Kandy Dreams,2022-01-26,Comedy,Pakistani,4.7,93376,2023-06-01,-2868067754830487092,1415,47.166666666666664,1979.7031802120143
Seoul Heartbeat,2022-07-11,Action/Sci-Fi,Pakistani,4.3,129825,2023-05-01,5602232460464293664,1249,41.63333333333333,3118.294635708567
Mirror Maze,2021-02-17,Drama/Thriller,Pakistani,3.8,93583,2022-08-01,8372699177464300340,1758,58.6,1596.9795221843003
Distant Star,2024-02-17,Drama/Thriller,Pakistani,4.4,70973,2025-11-01,8686240627145219808,663,22.1,3211.4479638009047
Heartbreak Hotel,2024-11-08,Comedy,Pakistani,4.2,112461,2025-02-01,-8743883331313099014,398,13.266666666666667,8476.959798994974
The Warrior King,2023-12-08,Horror,Pakistani,4.3,130547,2025-10-01,-5234046894247323921,734,24.466666666666665,5335.708446866485
The Warrior King,2022-05-29,Romance,Pakistani,4.0,100266,2023-08-01,-6803336925760427216,1292,43.06666666666667,2328.157894736842
Distant Star,2024-12-06,Action/Sci-Fi,Pakistani,4.1,125995,2025-02-01,7398619807032149136,370,12.333333333333334,10215.81081081081
Desert Trek,2021-03-19,Drama/Thriller,Pakistani,4.7,94718,2021-05-01,7445498738957795156,1728,57.6,1644.4097222222222
Mirror Maze,2021-05-16,Comedy,Pakistani,4.3,112307,2021-10-01,3823203553530686687,1670,55.666666666666664,2017.491017964072
The Warrior King,2020-10-16,Comedy,Pakistani,4.8,98257,2021-10-01,-1890565042974092756,1882,62.733333333333334,1566.2646121147716
Silent Echoes,2020-05-30,Drama/Thriller,Pakistani,4.0,68793,2021-08-01,-3019369715964851983,2021,67.36666666666666,1021.1726867887186
Tech Singularity,2022-07-22,Action/Sci-Fi,Pakistani,4.2,124400,2023-01-01,-8831108502796687350,1238,41.266666666666666,3014.53957996769
Dragon's Fury,2024-03-16,Action/Sci-Fi,Pakistani,4.7,107344,2025-08-01,8653142925459667643,635,21.166666666666668,5071.370078740158
Cosmic Drift,2023-12-15,Drama/Thriller,Pakistani,3.9,73947,2025-01-01,6785191982019899010,727,24.233333333333334,3051.458046767538
The Last Samurai,2021-10-11,Action/Sci-Fi,Pakistani,4.4,116492,2023-09-01,-6316211064012333151,1522,50.733333333333334,2296.1629434954007
Love in the Frost,2021-09-04,Drama/Thriller,Pakistani,3.7,74402,2023-02-01,1282159857571788719,1559,51.96666666666667,1431.7254650416933
Cosmic Drift,2023-01-19,Documentary,Pakistani,4.1,39467,2023-07-01,4311237832825057229,1057,35.233333333333334,1120.1608325449386
Love in the Frost,2024-08-21,Documentary,Pakistani,4.6,39207,2024-09-01,-8736940849980374059,477,15.9,2465.8490566037735
Mumbai Saga,2024-02-24,Comedy,Pakistani,4.8,85100,2024-11-01,-2480497760433385621,656,21.866666666666667,3891.7682926829266
The Green Line,2022-01-04,Romance,Pakistani,3.9,83268,2022-10-01,-3764281617396973536,1437,47.9,1738.3716075156576
The Quantum Helix,2023-04-18,Drama/Thriller,Pakistani,4.5,88114,2024-04-01,3858509335751489420,968,32.266666666666666,2730.805785123967
Chennai Express,2024-05-19,Action/Sci-Fi,Pakistani,4.5,132198,2024-08-01,5744826502182073985,571,19.033333333333335,6945.604203152364
Kochi Waves,2024-08-02,Drama/Thriller,Pakistani,4.4,91648,2025-10-01,4535666653096826099,496,16.533333333333335,5543.225806451613
Lahore Nights,2023-02-25,Drama/Thriller,Pakistani,4.8,92721,2024-03-01,4613161365574471271,1020,34.0,2727.0882352941176
